Anchor1,Anchor2,Anchor3,Anchor4
1.68,2.19,4.41,6.08
1.63,2.22,4.42,6.01
1.6,2.22,4.43,6.12
1.56,2.22,4.38,5.99
1.59,2.23,4.32,6.2
1.7,2.3,4.39,6.17
1.72,2.22,4.42,6.15
1.7,2.2,4.39,6.17
1.74,2.25,4.37,6.14
1.7,2.23,4.37,6.11
1.66,2.23,4.25,6.05
1.62,2.3,4.28,6.08
1.66,2.33,4.23,6.09
1.67,2.32,4.27,6.12
1.61,2.37,4.27,6.05
1.63,2.33,4.23,6.08
1.73,2.27,4.22,6.09
1.65,2.29,4.23,6.08
1.68,2.28,4.23,6.06
1.66,2.37,4.21,6.08
1.66,2.36,4.2,6.01
1.65,2.32,4.21,6.05
1.68,2.3,4.25,6.02
1.73,2.33,4.22,6.01
1.66,2.25,4.27,6.02
1.62,2.26,4.26,6.04
1.61,2.26,4.24,6.02
1.65,2.29,4.26,6.08
1.61,2.28,4.3,6.08
1.64,2.27,4.23,6.08
1.63,2.32,4.3,6.06
1.67,2.32,4.27,6.09
1.67,2.28,4.32,6.06
1.59,2.24,4.27,6.07
1.69,2.25,4.22,6.22
1.75,2.26,4.27,5.96
1.73,2.22,4.24,5.99
1.8,2.16,4.31,6.18
1.77,2.1,4.36,6.14
1.83,2.12,4.48,6.05
1.83,2.06,4.8,6.12
1.8,2.06,5.07,6.07
1.8,1.99,5.05,6.06
1.78,2.02,5.11,5.93
2.41,1.98,4.52,5.98
1.93,1.99,4.57,6.02
1.85,1.91,4.52,5.97
1.91,1.87,4.52,6
2.02,1.82,4.53,5.92
2.11,1.85,4.49,5.93
2.03,1.83,4.49,5.81
2.08,1.85,4.46,5.9
2.16,1.84,4.56,5.74
2.24,1.82,4.54,5.79
2.32,1.77,4.56,5.78
2.39,1.77,4.58,5.75
2.47,1.77,4.6,5.89
2.59,1.72,4.67,5.88
2.84,1.63,4.68,5.74
2.47,1.61,4.71,5.8
2.6,1.56,4.73,5.77
2.61,1.62,4.74,5.77
2.67,1.49,4.72,5.76
2.68,1.56,4.83,5.79
2.83,1.42,4.79,5.88
3.05,1.43,4.87,5.77
2.89,1.39,4.87,5.77
3.34,1.4,4.8,5.74
3.11,1.39,4.77,5.81
3.17,1.37,4.82,5.83
3.35,1.33,4.77,5.83
3.07,1.35,4.83,5.83
3.64,1.34,4.83,5.8
2.52,1.34,4.87,5.87
2.52,1.34,4.72,5.76
2.56,1.33,4.82,5.73
2.6,1.33,4.81,5.76
2.68,1.33,4.77,5.69
2.77,1.37,4.8,5.75
2.78,1.4,4.79,5.72
2.85,1.41,4.74,5.66
2.89,1.45,4.71,5.71
2.85,1.43,4.7,5.68
2.98,1.42,4.76,5.56
2.89,1.48,4.73,5.57
2.85,1.49,4.72,5.57
2.83,1.51,4.68,5.6
2.81,1.43,4.74,5.64
2.79,1.44,4.68,5.72
2.83,1.51,4.66,5.64
2.78,1.45,4.72,5.64
2.79,1.5,4.68,5.53
2.75,1.54,4.72,5.59
2.74,1.56,4.68,5.52
2.74,1.51,4.64,5.58
2.84,1.59,4.62,5.48
3.01,1.56,4.58,5.45
2.55,1.64,4.54,5.33
3.17,1.63,4.53,5.34
2.85,1.71,4.48,5.36
2.87,1.78,4.41,5.34
2.92,1.81,4.45,5.33
3.02,1.82,4.39,5.22
3.21,1.86,4.35,5.2
2.75,1.99,4.3,5.17
2.84,1.96,4.23,5.12
3.1,2.05,4.25,5.06
3.06,2.07,4.21,5.02
2.95,2.09,4.12,4.96
2.97,2.16,4.1,4.93
3.06,2.27,3.98,4.93
3.1,2.37,3.92,4.74
3.19,2.38,3.86,4.65
3.34,2.37,3.81,4.45
3.31,2.47,3.76,4.46
3.29,2.58,3.68,4.51
3.24,2.64,3.7,4.55
3.28,2.63,3.64,4.5
3.23,2.71,3.62,4.54
3.37,2.77,3.58,4.41
3.37,2.79,3.57,4.25
3.43,2.8,3.55,4.32
3.56,2.85,3.44,4.27
3.6,2.89,3.46,4.25
3.59,2.99,3.43,4.17
3.63,3.03,3.37,4.05
3.54,3.03,3.39,4.06
3.56,3.06,3.34,4.11
3.59,3.06,3.29,4.12
3.58,3.11,3.28,4.07
3.61,3.15,3.24,4
3.59,3.18,3.24,4.01
3.71,3.23,3.2,3.93
3.71,3.25,3.16,3.9
3.71,3.15,3.17,3.87
3.78,3.25,3.12,3.85
3.77,3.32,3.11,3.77
3.91,3.29,3.11,3.73
3.86,3.31,3.1,3.72
3.81,3.41,3.06,3.66
3.8,3.44,3,3.67
3.85,3.42,2.98,3.64
3.85,3.42,2.94,3.63
3.85,3.54,2.93,3.69
3.85,3.56,2.89,3.58
3.95,3.61,2.8,3.71
3.89,3.62,2.82,3.69
3.87,3.61,2.84,3.7
4,3.63,2.85,3.69
4,3.64,2.83,3.63
3.95,3.69,2.81,3.66
3.98,3.67,2.78,3.58
3.93,3.71,2.77,3.56
4,3.71,2.74,3.52
4,3.65,2.76,3.55
3.98,3.65,2.76,3.57
3.94,3.64,2.74,3.57
3.99,3.63,2.74,3.56
3.93,3.74,2.74,3.58
3.94,3.8,2.73,3.56
4.03,3.85,2.76,3.59
3.95,3.79,2.74,3.63
3.92,3.78,2.73,3.7
4.01,3.78,2.68,3.81
4.06,3.68,2.73,3.87
4.04,3.71,2.68,3.83
3.94,3.71,2.7,3.89
4,3.69,2.67,3.83
3.93,3.66,2.67,3.96
3.93,3.85,2.68,3.89
3.87,3.72,2.61,3.9
3.83,3.66,2.68,3.68
3.86,3.72,2.61,3.7
3.81,3.67,2.68,3.74
3.74,3.68,2.63,3.77
3.73,3.76,2.56,3.78
3.66,3.76,2.59,4.48
3.62,3.69,2.51,3.84
3.63,3.75,2.54,3.83
3.64,3.79,2.48,4.54
3.59,3.79,2.42,4.31
3.58,3.83,2.43,4.18
3.54,3.91,2.43,4.09
3.56,3.86,2.42,4.1
3.56,4.02,2.38,4.08
3.53,3.89,2.39,4.08
3.53,3.95,2.29,4.08
3.46,3.93,2.34,4.22
3.44,3.9,2.36,4.24
3.44,3.81,2.36,4.41
3.34,3.79,2.31,4.38
3.35,3.89,2.34,4.55
3.36,3.86,2.3,4.72
3.39,3.95,2.3,4.88
3.33,3.96,2.3,5.04
3.31,3.99,2.31,4.28
3.26,3.93,2.3,4.19
3.28,3.98,2.27,4.29
3.29,3.93,2.3,4.28
3.24,4.01,2.25,4.81
3.23,3.96,2.25,4.9
3.18,3.99,2.21,4.71
3.19,3.93,2.33,4.72
3.18,3.94,2.3,4.84
3.13,3.93,2.29,4.82
3.18,3.91,2.34,4.83
3.14,3.84,2.3,4.86
3.14,3.81,2.37,4.86
3.08,3.78,2.33,4.87
3.09,3.76,2.36,4.87
3.04,3.79,2.4,4.8
3.1,3.75,2.43,4.82
3.1,3.78,2.41,4.73
3.05,3.72,2.45,4.8
3.11,3.7,2.47,4.69
3.05,3.78,2.54,4.63
2.94,3.75,2.52,4.58
2.9,3.78,2.62,4.58
2.97,3.74,2.62,4.7
2.85,3.63,2.72,4.67
2.86,3.61,2.75,4.72
2.77,3.56,2.79,4.89
2.71,3.54,2.81,4.97
2.74,3.57,2.91,5.02
2.7,3.49,2.93,5.06
2.61,3.4,3.01,5.09
2.55,3.42,3.03,5.1
2.59,3.46,3.01,5.12
2.53,3.39,3.11,5.11
2.52,3.33,3.13,5.28
2.39,3.21,3.1,5.34
2.3,3.12,3.1,5.23
2.37,3.08,3.19,5.16
2.36,3.13,3.15,5.17
2.24,3.08,3.36,5.12
2.27,3.09,3.3,5.26
2.25,3.1,3.34,5.31
2.16,3.06,3.35,5.26
2.14,3.1,3.42,5.31
2.09,3.02,4.6,5.34
2.12,3.08,3.34,5.42
1.99,3.05,3.46,5.38
2.08,3.06,3.49,5.56
2.04,2.94,3.45,5.41
2.03,3,3.43,5.46
2.09,3.05,3.52,5.67
2,3.02,3.58,5.75
1.93,2.97,3.62,5.76
1.92,2.99,3.65,6.07
1.88,3,3.69,6.09
1.82,2.95,3.74,6.28
1.77,2.88,3.78,5.58
1.71,2.86,3.87,5.87
1.69,2.8,3.83,5.94
1.69,2.82,3.88,6.02
1.64,2.8,3.91,6.06
1.63,2.8,3.89,6.16
1.6,2.76,4.04,6.09
1.56,2.69,3.98,6.24
1.51,2.69,4.1,6.4
1.46,2.68,4.15,6.47
1.46,2.6,4.26,6.19
1.39,2.6,4.32,6.35
1.41,2.6,4.3,6.26
1.41,2.64,4.35,6.31
1.41,2.61,4.39,6.25
1.36,2.59,4.4,6.34
1.38,2.61,4.38,6.36
1.34,2.58,4.38,6.36
1.35,2.61,4.36,6.41
1.37,2.57,4.35,6.39
1.35,2.6,4.36,6.39
1.33,2.61,4.47,6.44
1.32,2.53,4.53,6.34
1.42,2.56,4.3,6.3
1.35,2.57,4.32,6.21
1.28,2.58,4.37,6.13
1.36,2.55,4.3,6.46
1.33,2.56,4.3,6.46
1.28,2.52,4.3,6.84
1.31,2.51,4.36,7.18
1.27,2.51,4.36,7.23
1.33,2.48,4.38,6.9
1.3,2.52,4.37,6.54
1.29,2.53,4.4,6.5
1.26,2.51,4.36,6.47
1.22,2.56,4.45,6.52
1.27,2.47,4.49,6.58
1.26,2.43,4.88,6.76
1.28,2.42,5.18,6.45
1.26,2.44,5.19,6.8
1.26,2.43,5.23,6.99
1.3,2.42,4.97,7.05
1.32,2.43,4.68,7.23
1.3,2.39,4.61,6.32
1.33,2.37,4.63,6.38
1.27,2.35,4.63,6.34
1.26,2.33,4.61,6.2
1.34,2.35,4.59,6.47
1.36,2.22,4.5,6.47
1.44,2.3,4.75,6.19
1.45,2.24,4.67,6.37
1.54,2.19,4.65,6.28
1.51,2.19,4.62,6.16
1.61,2.11,4.73,6.18
1.62,2.16,5.18,6.2
1.6,2.08,4.47,6.26
1.72,2.08,4.54,6.33
1.68,2.09,4.57,6.16
1.73,2.04,4.49,6.05
1.76,2.02,4.6,6
1.84,2.05,4.53,6.07
1.84,1.89,4.54,6.07
1.92,1.87,4.6,6.13
1.99,1.87,4.63,6.39
1.85,1.84,4.59,6.46
1.85,1.73,4.64,6.37
2.24,1.73,4.66,6.39
2.18,1.75,4.69,6.22
2.13,1.66,4.75,6.19
2.19,1.62,4.71,5.98
2.18,1.65,4.8,6.02
2.22,1.6,4.75,5.97
2.31,1.67,4.74,5.94
2.3,1.55,4.74,5.86
2.35,1.57,4.75,5.94
2.46,1.56,4.72,5.96
2.48,1.56,4.78,5.9
2.54,1.45,4.82,5.77
2.59,1.51,4.74,5.75
2.51,1.43,4.8,5.77
2.5,1.4,4.83,5.8
2.57,1.36,4.91,5.79
2.74,1.39,4.85,5.72
2.63,1.3,4.89,5.8
2.76,1.29,4.99,5.68
2.66,1.28,5.04,5.71
2.69,1.29,5.01,5.79
2.71,1.31,5.09,5.7
2.74,1.24,5.01,5.72
3.08,1.21,5.12,5.64
3,1.2,5.16,5.71
2.93,1.12,5.13,5.59
2.83,1.09,5.09,5.64
2.82,1.5,5.07,5.6
2.95,1.19,5.06,5.45
3.06,1.66,4.96,5.6
3.07,1.52,5.04,5.55
3.13,1.68,4.97,5.42
3.15,1.87,4.93,5.5
3.01,1.5,4.92,5.39
3.04,1.62,4.86,5.41
3.08,1.53,4.77,5.36
3.08,1.62,4.7,5.31
3.18,1.61,4.78,5.25
3.33,1.6,4.66,5.17
3.42,1.68,4.72,5.15
3.49,1.73,4.69,5.12
3.41,1.67,4.7,5.13
3.49,1.72,4.64,5.12
3.55,1.68,4.65,5.08
3.59,1.7,4.7,5.05
3.6,1.8,4.55,5.05
3.44,1.85,4.66,4.88
3.38,1.83,4.52,4.93
3.47,1.91,4.48,5.03
3.6,2,4.38,5
3.66,1.98,4.33,4.77
3.57,2.07,4.33,4.64
3.63,2.18,4.3,4.71
3.57,2.18,4.22,4.67
3.51,2.19,4.11,4.61
3.55,2.27,4.15,4.55
3.58,2.21,4.15,4.49
3.69,2.25,4.16,4.47
3.75,2.41,4.07,4.36
3.84,2.47,4.07,4.26
3.8,2.57,4.06,4.27
3.79,2.48,4.04,4.17
3.84,2.65,3.94,4.16
3.82,2.68,3.94,4.17
3.94,2.63,3.96,4.23
3.88,2.65,3.9,4.21
4.43,2.7,3.87,4.1
3.86,2.72,3.86,4.12
4.02,2.82,3.85,4.01
4.05,2.82,3.77,4.01
4,2.94,3.78,3.97
4.21,3.03,3.7,3.9
4.32,3.05,3.66,3.86
4.22,3.1,3.69,3.83
4.16,3.07,3.61,3.78
4.22,3.06,3.64,3.8
4.25,3.17,3.64,3.73
4.25,3.27,3.6,3.7
4.19,3.07,3.64,3.68
4.21,3,3.67,3.72
4.15,2.97,3.74,3.74
4.17,3.01,3.86,3.79
4.15,3.12,3.91,3.82
4.14,3.09,3.89,3.86
4.08,3.1,3.85,3.93
4,2.95,4.51,3.87
4.01,2.98,3.85,3.91
3.95,3.1,3.77,3.84
3.95,3.19,3.68,3.76
3.89,3.47,3.72,3.96
3.93,2.95,3.61,4.23
3.94,2.86,3.62,4.22
3.96,3.04,3.59,3.86
3.88,3.11,3.55,3.97
3.88,3.12,3.57,3.93
3.8,3.1,3.51,3.68
3.91,3.1,3.42,4.06
3.86,3.09,3.48,4.11
3.84,3.03,3.39,4.01
3.86,3.13,3.31,4
3.82,3.11,3.26,4.01
3.88,3.08,3.27,3.94
3.89,3.11,3.21,3.94
3.8,3.18,3.26,3.86
3.72,3.13,3.24,3.85
3.81,3.11,3.22,3.9
3.75,3.15,3.31,3.94
3.86,3.09,3.3,3.94
3.74,3.11,3.25,3.91
3.91,3.04,3.3,4.02
3.73,2.99,3.34,4.01
3.63,3.01,3.38,4.08
3.66,2.92,3.36,4.1
3.72,2.96,3.37,4.14
3.6,2.9,3.4,4.18
3.74,2.88,3.37,4.14
3.66,2.94,3.38,4.16
3.71,2.92,3.42,4.09
3.66,2.95,3.42,4.12
3.71,2.94,3.45,4.04
3.78,2.91,3.42,3.92
3.77,3.01,3.39,3.98
3.82,2.98,3.4,3.92
3.81,3.01,3.41,3.86
3.82,3.01,3.36,3.94
3.76,3.03,3.37,3.94
3.81,2.99,3.38,3.92
3.77,3,3.35,3.91
3.7,2.99,3.36,3.96
3.72,3,3.35,3.93
3.61,3.03,3.33,3.93
3.73,3.07,3.31,3.94
3.74,3.05,3.27,3.91
3.71,3.08,3.29,3.96
3.72,3.07,3.26,4.08
3.58,3.11,3.26,4.01
3.59,3.13,3.27,3.96
3.59,3.13,3.2,4.02
3.52,3.17,3.16,3.82
3.52,3.22,3.09,4.07
3.6,3.31,3.11,4.09
3.6,3.32,3.11,4.04
3.51,3.28,2.98,3.97
3.48,3.34,2.94,4.06
3.54,3.34,2.87,4.03
3.5,3.37,2.86,4.08
3.54,3.41,2.88,4.02
3.51,3.41,2.8,4.29
3.52,3.47,2.79,5.12
3.47,3.42,2.75,4.43
3.41,3.55,2.72,4.3
3.44,3.48,2.71,4.27
3.42,3.5,2.65,4.24
3.27,3.46,2.63,4.18
3.37,3.47,2.62,4.24
3.28,3.57,2.57,4.72
3.24,3.64,2.46,4.2
3.19,3.66,2.54,4.31
3.3,3.69,2.53,4.36
3.19,3.68,2.52,4.39
3.15,3.7,2.48,4.37
3.11,3.79,2.48,4.41
3.14,3.79,2.51,4.4
3.15,3.75,2.4,4.43
3.11,3.79,2.51,4.57
3.11,3.76,2.4,4.48
3.11,3.73,2.42,4.48
3.09,3.8,2.49,4.48
3.04,3.8,2.47,4.51
3.05,3.93,2.43,4.84
2.96,3.91,2.46,4.82
2.94,3.95,2.45,4.61
3.03,3.96,2.48,4.52
3,3.92,2.48,4.57
2.99,3.89,2.42,4.82
2.99,3.86,2.49,4.74
2.97,3.88,2.46,4.68
2.97,3.9,2.56,4.66
2.93,3.94,2.42,4.65
2.98,3.89,2.49,4.58
2.94,3.95,2.45,4.7
2.97,3.91,2.48,4.95
2.91,3.86,2.39,5.06
2.9,3.9,2.45,5.01
2.87,3.79,2.46,5.12
2.91,3.85,2.5,5.1
2.88,3.72,2.58,5.08
2.81,3.76,2.58,4.91
2.74,3.77,2.74,5.06
2.78,3.68,2.79,5.04
2.7,3.62,2.81,5
2.73,3.51,2.87,5.01
2.73,3.47,2.9,4.76
2.68,3.47,2.98,4.86
2.67,3.41,3.07,4.97
2.57,3.39,3.1,4.9
2.52,3.3,3.13,5.6
2.37,3.25,3.2,4.87
2.37,3.3,3.26,5.55
2.27,3.15,3.26,5.57
2.28,3.06,3.32,5.35
2.19,3.01,3.33,5.35
2.23,3.05,3.31,5.5
2.15,3.01,3.38,5.47
2.14,2.97,3.46,5.52
2.12,2.98,3.47,5.58
2.02,2.92,3.56,5.52
2.03,2.85,3.62,5.95
2.03,2.8,3.62,5.94
1.99,2.75,3.7,5.95
1.87,2.76,3.74,6.03
1.84,2.72,3.84,6.16
1.81,2.71,3.82,6.22
1.85,2.73,3.86,5.86
1.71,2.63,3.86,5.64
1.64,2.64,3.89,5.83
1.69,2.63,3.93,5.95
1.62,2.59,4,5.99
1.63,2.56,4.04,6.05
1.63,2.49,4.13,6.03
1.62,2.48,4.13,6.08
1.62,2.41,4.23,6.12
1.59,2.43,4.19,6.2
1.57,2.35,4.26,6.24
1.54,2.34,4.24,6.45
1.57,2.37,4.35,6.42
1.59,2.38,4.38,6.54
1.53,2.31,4.29,6.59
1.44,2.32,4.37,6.46
1.47,2.35,4.34,6.07
1.47,2.35,4.44,6.14
1.38,2.32,4.42,6.08
1.51,2.32,4.4,6.22
1.48,2.33,4.47,6.24
1.51,2.21,4.47,6.27
1.46,2.25,4.45,6.24
1.51,2.27,4.47,6.21
1.47,2.3,4.44,6.27
1.54,2.28,4.45,6.15
1.52,2.3,4.41,6.2
1.54,2.21,4.37,6.18
1.55,2.29,4.49,6.16
1.62,2.33,4.37,6.11
1.61,2.28,4.31,6.19
1.67,2.26,4.39,6.21
1.71,2.26,4.34,6.11
1.75,2.25,4.33,6.13
1.82,2.18,4.3,5.98
1.84,2.18,4.37,6.04
1.81,2.18,4.31,6.04
1.81,2.11,4.42,5.98
1.82,2.17,4.41,6
1.87,2.12,4.45,6.02
1.87,2.05,4.4,6.07
1.93,1.99,4.46,5.89
1.95,1.92,4.48,5.97
1.95,1.89,4.42,5.95
2,1.85,4.49,6.11
2.02,1.85,4.5,6.42
2.1,1.82,4.49,6.32
2.24,1.87,4.53,6.32
2.17,1.78,4.63,6.24
2.04,1.73,4.61,6.22
2.09,1.68,4.66,6.06
2.07,1.72,4.72,5.89
2.31,1.64,4.72,5.87
2.44,1.61,4.74,5.77
2.42,1.57,4.76,5.82
2.43,1.62,4.8,5.87
2.44,1.55,4.75,5.87
2.5,1.53,4.74,5.79
2.6,1.47,4.81,5.66
2.67,1.49,4.79,5.66
2.45,1.48,4.81,5.73
2.65,1.38,4.86,5.75
2.64,1.28,4.87,5.75
2.7,1.33,5.69,5.78
2.71,1.29,4.91,5.86
2.69,1.33,5,5.73
2.64,1.37,4.98,5.79
2.68,1.33,5,5.74
2.65,1.27,5.09,5.69
2.65,1.25,5.01,5.74
2.73,1.26,5.04,5.72
2.78,1.26,5.07,5.7
2.78,1.28,5.12,5.68
2.79,1.45,5.11,5.72
2.76,1.34,5.07,5.53
2.85,1.32,5.11,5.62
2.96,1.61,5.08,5.58
3.41,1.65,5.13,5.59
3.34,1.54,5.09,5.57
3.25,1.54,5.18,5.61
3.32,1.27,5.08,5.66
3.28,1.63,5.2,5.65
3.21,1.59,5.14,5.62
3.2,1.62,5.19,5.7
3.24,1.61,5.2,5.72
3.29,1.55,5.17,5.71
3.29,1.58,5.28,5.68
3.26,1.63,5.15,5.68
3.39,1.11,5.19,5.63
3.36,1.15,5.11,5.62
3.42,1.21,5.07,5.64
3.3,1.2,4.97,5.93
3.44,1.36,4.99,5.63
3.45,1.12,5.07,5.59
3.5,1.2,4.97,5.62
2.98,1.26,5.02,5.55
2.96,1.21,5.01,5.56
3.19,1.25,4.97,5.49
3.19,1.26,4.93,5.55
3.08,1.3,4.87,5.41
3.21,1.33,4.93,5.44
3.2,1.31,4.91,5.39
2.92,1.33,4.86,5.57
2.97,1.38,4.8,5.61
3.28,1.45,4.85,5.41
3.21,1.49,4.76,5.34
3.43,1.56,4.65,5.3
3.55,1.66,4.64,5.22
3.5,1.72,4.51,5.12
3.29,1.81,4.53,5.13
3.24,1.86,4.37,5.01
3.26,1.95,4.32,5.01
3.14,1.99,4.34,4.93
3.09,2.08,4.22,4.82
3.18,2.14,4.16,4.8
3.15,2.2,4.18,4.94
3.07,2.29,4.07,4.76
3.15,2.34,4.06,4.84
3.2,2.34,3.97,4.69
3.27,2.34,3.96,4.69
3.3,2.45,3.91,4.59
3.42,2.48,3.82,4.45
3.42,2.56,3.83,4.52
3.44,2.61,3.73,4.41
3.45,2.62,3.66,4.42
3.43,2.74,3.63,4.27
3.43,2.88,3.58,4.28
3.49,2.83,3.63,4.11
3.52,2.84,3.55,4.12
3.56,2.9,3.46,4.21
3.6,2.98,3.48,4.09
3.65,3.06,3.43,4.09
3.7,3.1,3.38,4
3.73,3.13,3.36,3.94
3.69,3.19,3.31,3.92
3.7,3.24,3.23,3.94
3.72,3.2,3.26,3.86
3.81,3.23,3.2,3.83
3.84,3.33,3.2,3.78
3.93,3.4,3.23,3.79
3.94,3.45,3.15,3.64
3.95,3.47,3.11,3.56
4.03,3.43,3.13,3.63
4.02,3.47,3.16,3.57
4.12,3.48,3.11,3.53
4.08,3.44,3.12,3.53
3.98,3.46,3.11,3.49
4.06,3.46,3.08,3.43
4.02,3.54,3.09,3.41
4.08,3.51,3.08,3.41
4.1,3.49,3.07,3.37
4.08,3.53,3.06,3.37
4.17,3.53,3.04,3.41
4.16,3.49,3.04,3.4
4.15,3.55,3.01,3.41
4.12,3.56,3.04,3.41
4.08,3.56,2.96,3.42
4.09,3.59,2.99,3.43
4.2,3.57,3.01,3.41
4.23,3.63,2.98,3.43
4.2,3.73,2.95,3.39
4.21,3.64,2.97,3.34
4.25,3.64,3.04,3.36
4.2,3.66,3.02,3.4
4.2,3.61,2.99,3.48
4.27,3.61,3.04,3.46
4.23,3.58,3.04,3.41
4.28,3.64,3.04,3.37
4.28,3.63,3.05,3.44
4.24,3.64,3,3.43
4.23,3.62,3.02,3.49
4.25,3.67,3.05,3.47
4.2,3.63,3.04,3.5
4.22,3.66,3.01,3.57
4.13,3.68,2.98,3.67
4.1,3.56,2.98,3.77
4.12,3.6,3.01,3.75
4.1,3.59,3.02,3.75
4.01,3.59,2.94,3.79
3.93,3.54,2.88,3.83
3.95,3.61,2.91,3.75
3.95,3.64,2.86,3.74
3.93,3.55,2.84,3.69
3.89,3.55,2.88,3.68
3.92,3.5,2.78,3.69
3.85,3.63,2.76,3.78
3.79,3.64,2.74,3.82
3.7,3.67,2.73,4.28
3.74,3.72,2.73,4.02
3.79,3.62,2.66,3.83
3.77,3.67,2.64,3.8
3.79,3.69,2.67,3.81
3.73,3.75,2.64,3.83
3.75,3.71,2.6,3.92
3.65,3.71,2.56,3.89
3.65,3.74,2.57,3.93
3.57,3.72,2.51,3.85
3.51,3.69,2.42,3.85
3.5,3.75,2.47,3.96
3.62,3.81,2.49,4
3.52,3.8,2.39,4.06
3.52,3.85,2.42,4.2
3.52,3.92,2.32,4.24
3.46,4.03,2.34,4.34
3.4,3.98,2.4,4.37
3.37,3.94,2.39,4.4
3.37,3.93,2.31,4.4
3.32,3.98,2.28,4.19
3.42,3.96,2.28,4.21
3.32,4.03,2.25,4.24
3.34,3.94,2.26,4.29
3.34,4.06,2.17,4.18
3.31,4.08,2.24,4.78
3.31,4.03,2.27,4.55
3.23,4.07,2.27,4.5
3.21,4.01,2.28,4.41
3.22,4.02,2.3,4.39
3.19,4.03,2.31,4.41
3.15,3.98,2.33,4.34
3.18,4.02,2.37,4.98
3.25,3.99,2.25,4.89
3.15,3.98,2.3,4.67
3.13,3.94,2.32,4.54
3.1,3.86,2.31,4.56
3.11,3.94,2.3,4.53
3.11,3.85,2.26,4.38
3.08,3.84,2.29,4.27
3.14,3.92,2.36,4.32
3.14,3.83,2.37,4.32
3.13,3.85,2.37,4.44
3.13,3.85,2.4,4.62
3.14,3.84,2.42,4.74
3.1,3.82,2.44,4.83
3.08,3.77,2.5,4.82
3.01,3.86,2.51,4.8
2.87,3.73,2.58,4.83
2.91,3.71,2.64,4.84
2.89,3.65,2.67,4.86
2.82,3.73,2.65,4.92
2.82,3.69,2.77,4.9
2.79,3.57,2.8,4.93
2.81,3.52,2.89,5.1
2.79,3.51,2.93,4.98
2.68,3.44,2.97,4.84
2.73,3.44,3.05,5.42
2.63,3.39,3.06,5.35
2.52,3.27,3.1,5.34
2.57,3.21,3.2,5.38
2.48,3.17,3.23,5.49
2.52,3.13,3.23,5.37
2.46,3.16,3.29,5.28
2.35,3.13,3.37,5.25
2.28,3.08,3.42,5.25
2.25,3.03,3.4,5.35
2.19,3.02,3.37,5.34
2.14,2.98,3.43,5.56
2.11,2.95,3.43,5.52
2.01,3,3.51,5.6
2.05,2.95,3.48,5.77
2.06,2.92,3.55,5.93
1.98,2.89,3.62,5.88
1.96,2.86,3.63,5.9
1.94,2.83,3.65,5.96
1.93,2.84,3.69,5.95
1.79,2.82,3.72,6.08
1.82,2.81,3.79,6.17
1.77,2.74,3.85,6.22
1.7,2.67,3.81,6.27
1.72,2.78,3.89,6.29
1.62,2.73,3.95,6.25
1.62,2.68,3.95,6.22
1.72,2.65,3.96,6.16
1.63,2.6,4.02,6.06
1.64,2.59,3.98,6.13
1.59,2.6,4.11,6.12
1.61,2.55,4.05,6.08
1.55,2.52,4.16,6.1
1.54,2.45,4.22,6.06
1.48,2.5,4.24,6.08
1.42,2.49,4.26,6.11
1.48,2.47,4.29,6.12
1.39,2.47,4.34,6.09
1.38,2.42,4.36,6.22
1.37,2.46,4.39,6.18
1.42,2.47,4.39,6.21
1.48,2.36,4.38,6.19
1.45,2.37,4.38,6.28
1.4,2.36,4.41,6.25
1.39,2.36,4.42,6.25
1.38,2.32,4.42,6.2
1.51,2.29,4.4,6.2
1.5,2.27,4.43,6.22
1.55,2.33,4.42,6.18
1.58,2.3,4.43,6.14
1.63,2.21,4.37,6.16
1.53,2.24,4.43,6.17
1.62,2.19,4.32,5.93
1.63,2.15,4.44,6.08
1.67,2.12,4.41,6.39
1.78,2.18,4.45,6.22
1.72,2.18,4.45,6.19
1.76,2.08,4.46,6.19
1.81,2.12,4.5,6.09
1.91,2.06,4.59,5.99
1.84,2,4.64,6.02
1.99,1.97,4.6,6.01
2.01,1.9,4.56,6.08
2.09,1.83,4.57,6.22
2.36,1.76,4.55,5.99
2,1.76,4.7,6.26
2.04,1.72,4.58,6.12
2.08,1.7,4.64,5.99
2.3,1.66,4.62,6.02
2.36,1.63,4.72,5.85
2.26,1.62,4.73,5.78
2.33,1.63,4.66,5.7
2.4,1.6,4.73,5.78
2.48,1.56,4.77,5.85
2.58,1.56,4.73,5.83
2.63,1.53,4.74,5.57
2.68,1.5,4.78,5.53
2.74,1.51,4.78,5.69
2.82,1.49,4.72,5.6
3.04,1.55,4.78,5.62
2.85,1.5,4.82,5.62
2.53,1.47,4.88,5.64
3.07,1.47,4.92,5.65
2.81,1.43,4.95,5.68
2.82,1.34,4.9,5.67
3.28,1.36,4.96,5.65
2.6,1.32,4.99,5.74
3.35,1.25,5,5.77
3.13,1.27,5.07,5.71
2.96,1.21,5.1,5.68
3.01,1.14,5.15,5.73
3.04,1.16,5.05,5.72
3.07,1.12,5.11,5.69
3.02,1.12,6.65,5.69
3.02,1.06,5.23,5.75
3.04,1.04,5.15,5.73
3.09,1.06,5.16,5.71
3.1,1.27,5.13,5.72
3.11,1.18,5.17,5.76
3.15,1.19,5.07,5.59
3.15,1.14,5.01,5.69
3.25,1.19,4.98,6.22
3.19,1.62,5.06,5.95
3.19,1.3,4.98,5.87
3.25,1.35,5.08,5.82
3.29,1.26,5.06,5.75
3.35,1.69,4.96,5.77
3.33,1.15,5.04,5.69
3.25,1.12,4.96,5.66
3.34,1.04,5.05,5.75
3.31,1.28,5.01,5.78
3.26,1.3,4.99,5.79
3.32,1.35,4.97,5.78
3.34,1.25,4.96,5.72
3.25,1.26,5.03,5.83
3.21,1.22,4.97,5.67
2.77,1.28,5,5.85
2.6,1.32,4.91,5.74
2.63,1.41,4.92,5.73
2.73,1.33,4.92,5.68
3.09,1.33,4.91,5.64
3.22,1.34,4.88,5.71
3.19,1.39,4.91,5.61
3.08,1.44,4.71,5.63
3.19,1.41,4.76,5.55
3.17,1.48,4.77,5.55
3.16,1.47,4.71,5.55
3.16,1.54,4.66,5.47
3.16,1.54,4.62,5.38
3.22,1.55,4.59,5.4
3.24,1.63,4.56,5.3
3.3,1.73,4.54,5.26
3.35,1.74,4.43,5.33
3.29,1.77,4.38,5.22
3.45,1.81,4.45,5.18
3.45,1.81,4.36,5.03
3.47,1.93,4.36,5.07
3.91,1.97,4.26,5.05
3.64,1.99,4.2,4.92
3.13,2.08,4.16,4.84
3.08,2.09,4.17,4.92
2.98,2.09,4.11,4.86
4.46,2.22,4.01,4.85
3.06,2.18,4.01,4.74
3.23,2.3,3.99,4.73
3.11,2.34,3.91,4.69
3.33,2.37,3.91,4.67
3.36,2.38,3.8,4.6
3.26,2.39,3.83,4.54
3.6,2.49,3.79,4.5
3.61,2.56,3.75,4.46
3.27,2.6,3.72,4.43
3.44,2.56,3.66,4.46
3.38,2.73,3.59,4.47
3.36,2.78,3.66,4.23
3.42,2.78,3.56,4.25
3.79,2.77,3.54,4.17
3.48,2.85,3.53,4.21
3.5,3.04,3.49,4.19
3.62,3.15,3.4,4.18
3.61,3.07,3.42,4.08
3.72,3.04,3.38,4.01
3.61,3.07,3.35,4.03
3.57,3.11,3.37,3.92
3.63,3.04,3.29,3.93
3.67,3.26,3.22,3.95
3.61,3.21,3.18,3.89
3.66,3.31,3.15,3.83
3.76,3.7,3.18,3.83
3.7,3.65,3.18,3.83
3.72,3.66,3.12,3.82
3.81,3.34,3.09,3.83
3.83,3.31,3.17,3.97
3.81,3.32,3.16,3.85
3.83,3.53,3.11,3.82
3.85,3.73,3.11,3.95
3.86,3.77,3.1,3.71
3.86,3.56,3.1,3.76
3.93,3.45,3.06,3.74
3.86,3.45,3.04,3.73
3.93,3.44,3.03,3.7
3.86,3.49,3.04,3.69
3.86,3.36,3,3.65
3.85,3.41,2.97,3.62
3.84,3.41,3.06,3.62
3.92,3.32,3.06,3.66
3.89,3.35,3.07,3.65
3.96,3.43,3.06,3.64
3.98,3.49,3.11,3.56
3.9,3.55,3.14,3.58
3.88,3.56,3.16,3.6
3.88,3.61,3.14,3.6
3.97,3.54,3.08,3.57
3.91,3.34,3.09,3.57
3.9,3.29,3.1,3.61
3.9,3.45,3.08,3.72
3.84,3.79,3.1,3.79
3.83,3.65,3.09,3.86
3.82,3.41,3.07,3.82
3.79,3.35,2.98,3.87
3.81,3.29,3.03,3.81
3.76,3.41,3,3.87
3.71,3.32,3.01,3.79
3.63,3.3,2.99,3.87
3.66,3.28,2.88,3.83
3.69,3.3,2.9,3.84
3.61,3.43,2.86,3.83
3.53,4.04,2.88,3.85
3.53,3.38,2.81,3.88
3.58,3.36,2.76,4.03
3.54,3.38,2.7,4.13
3.6,3.36,2.7,3.93
3.51,3.46,2.68,4.15
3.48,3.5,2.69,4.31
3.49,3.58,2.68,4.53
3.46,3.56,2.62,4.37
3.47,3.61,2.67,4.33
3.39,3.6,2.6,4.43
3.34,3.71,2.5,4.49
3.32,3.73,2.49,4.52
3.34,3.79,2.57,4
3.36,3.82,2.54,4.21
3.35,3.79,2.58,4.23
3.3,3.83,2.6,4.85
3.27,3.81,2.62,4.46
3.32,3.82,2.59,4.4
3.3,3.81,2.68,4.4
3.29,3.9,2.55,4.4
3.24,3.93,2.52,4.45
3.14,3.89,2.56,4.47
3.12,3.82,2.51,4.48
3.19,3.86,2.52,4.49
3.19,3.85,2.59,4.44
3.22,3.86,2.6,4.53
3.15,3.92,2.37,4.57
3.17,3.91,2.51,4.55
3.18,3.95,2.46,4.61
3.16,3.88,2.42,4.54
3.25,3.87,2.43,4.47
3.24,3.91,2.42,4.39
3.18,3.9,2.35,4.42
3.21,3.93,2.39,4.39
3.22,3.91,2.45,4.45
3.23,3.96,2.53,4.37
3.21,3.94,2.48,4.42
3.14,3.89,2.5,4.46
3.11,3.91,2.5,4.41
3.11,3.77,2.48,4.49
3.04,3.79,2.41,4.54
3.07,3.76,2.44,4.65
2.97,3.73,2.44,4.62
3.02,3.72,2.46,4.59
2.96,3.72,2.46,4.5
2.94,3.7,2.48,4.57
2.98,3.68,2.49,4.6
2.92,3.57,2.59,4.67
2.89,3.49,2.63,4.64
2.9,3.6,2.68,4.57
2.84,3.51,2.76,4.72
2.76,3.48,2.79,4.82
2.73,3.34,2.89,4.86
2.66,3.35,2.92,4.91
2.61,3.34,2.95,4.96
2.54,3.3,2.95,4.91
2.55,3.31,2.97,4.91
2.45,3.32,3.02,4.99
2.47,3.16,3.05,5.07
2.41,3.19,3.18,5.29
2.35,3.11,3.22,5.2
2.33,3.13,3.29,5.23
2.19,3.11,3.37,5.28
2.18,3.01,3.39,5.37
2.22,2.95,3.37,5.38
2.19,2.92,3.44,5.41
2.14,2.91,3.53,5.46
2.03,2.88,3.6,5.31
1.99,2.86,3.58,5.31
2,2.81,3.7,5.39
2,2.7,3.68,5.67
1.94,2.7,3.68,5.72
1.94,2.6,3.77,5.65
1.9,2.61,3.84,5.62
1.85,2.55,3.87,5.72
1.85,2.55,3.9,5.72
1.77,2.54,4.01,5.78
1.78,2.57,4.03,5.79
1.72,2.47,4.09,5.86
1.76,2.47,4.07,5.86
1.75,2.47,4.22,5.92
1.61,2.51,4.16,5.92
1.62,2.39,4.19,5.94
1.56,2.4,4.23,5.98
1.6,2.39,4.21,6.09
1.53,2.35,4.25,6.05
1.52,2.36,4.27,6.1
1.63,2.28,4.34,6.07
1.53,2.35,4.35,6.08
1.53,2.32,4.33,6.03
1.58,2.28,4.42,6.09
1.53,2.24,4.44,6.09
1.51,2.23,4.47,6.05
1.5,2.22,4.44,6.09
1.41,2.21,4.52,6.16
1.47,2.28,4.45,6.21
1.47,2.3,4.48,6.2
1.48,2.3,4.45,6.18
1.49,2.34,4.38,6.2
1.43,2.39,4.42,6.28
1.45,2.41,4.4,6.27
1.51,2.29,4.43,6.24
1.42,2.26,4.4,6.18
1.57,2.34,4.42,6.14
1.46,2.24,4.42,6.18
1.56,2.27,4.44,6.14
1.6,2.22,4.41,6.14
1.57,2.28,4.41,6.11
1.64,2.29,4.47,6.18
1.66,2.29,4.48,6.08
1.64,2.23,4.41,5.98
1.63,2.24,4.45,6.11
1.71,2.2,4.51,6.1
1.71,2.21,4.51,6.01
1.76,2.19,4.54,5.9
1.76,2.13,4.66,5.96
1.78,2,4.65,6.01
1.89,1.99,4.51,5.95
1.87,1.94,4.56,5.89
1.95,1.91,4.53,5.88
1.99,1.97,4.45,5.79
2.08,1.94,4.54,5.8
2.14,1.91,4.51,5.85
2.3,1.77,4.54,5.82
2.34,1.78,4.73,5.8
2.36,1.74,4.49,5.69
2.57,1.78,4.62,5.71
2.25,1.71,4.58,5.56
2.26,1.7,4.61,5.6
2.26,1.77,4.58,5.59
2.4,1.7,4.59,5.77
2.61,1.66,4.62,5.57
2.58,1.63,4.69,5.51
2.56,1.55,4.72,5.55
2.68,1.47,4.71,5.66
2.52,1.43,4.8,5.55
2.63,1.41,4.88,5.69
2.8,1.37,4.92,5.64
2.72,1.32,4.89,5.63
2.74,1.32,4.94,5.72
2.74,1.32,4.98,5.72
2.6,1.29,5.04,5.69
2.63,1.33,5.06,5.68
2.7,1.26,5.04,5.69
2.78,1.25,5.02,5.69
2.74,1.14,5.07,5.64
2.82,1.26,5.04,5.61
2.78,1.18,5,5.65
2.75,1.27,4.95,6.24
2.77,1.27,4.99,5.85
2.75,1.29,4.98,5.72
2.91,1.3,4.94,5.74
2.88,1.28,4.98,5.71
2.83,1.26,4.87,5.75
2.86,1.27,4.95,5.75
2.87,1.33,4.97,5.71
2.79,1.38,4.9,5.73
2.77,1.37,4.9,5.75
2.74,1.41,4.94,5.74
2.81,1.39,4.9,5.64
2.79,1.3,4.89,5.72
2.74,1.32,4.85,5.58
2.75,1.3,4.86,5.68
2.74,1.42,4.89,5.75
2.66,1.47,4.82,5.7
2.67,1.47,4.83,5.64
2.63,1.46,4.84,5.62
2.66,1.46,4.78,5.64
2.83,1.51,4.79,5.53
2.84,1.51,4.68,5.54
2.74,1.56,4.71,5.46
2.81,1.59,4.63,5.51
2.92,1.61,4.63,5.45
2.76,1.68,4.52,5.38
3.38,1.65,4.43,5.41
3.24,1.71,4.45,5.37
3.02,1.72,4.43,5.28
3,1.77,4.4,5.19
3,1.82,4.43,5.11
3.01,1.86,4.36,5.07
3.08,1.86,4.39,5.06
2.98,1.88,4.33,4.95
3.02,1.96,4.2,4.94
3.31,1.99,4.24,4.89
3.32,2.08,4.24,4.83
3.27,2.15,4.17,4.88
3.04,2.21,4,4.79
3.11,2.22,3.99,4.71
3.1,2.36,3.96,4.69
3.11,2.34,3.99,4.69
3.14,2.37,3.96,4.68
3.12,2.41,3.85,4.6
3.21,2.47,3.79,4.58
3.69,2.46,3.74,4.52
3.37,2.52,3.65,4.48
3.35,2.59,3.73,4.41
3.3,2.63,3.71,4.36
3.35,2.74,3.66,4.29
3.42,2.78,3.56,4.2
3.44,2.88,3.55,4.17
3.78,2.85,3.49,4.13
3.43,2.92,3.55,4.16
3.51,2.89,3.49,4.14
3.65,2.9,3.42,4.09
3.62,2.97,3.44,4.08
3.63,2.97,3.41,4
3.66,3.02,3.4,4.02
3.67,3.01,3.37,4.08
3.72,3.06,3.38,4.08
3.74,3.15,3.31,4.03
3.65,3.23,3.26,4.02
3.53,3.24,3.25,3.93
3.66,3.29,3.17,3.93
3.68,3.42,3.17,3.83
3.79,3.38,3.18,3.89
3.74,3.46,3.18,3.8
3.74,3.38,3.19,3.83
3.74,3.29,3.19,3.83
3.81,3.4,3.14,3.79
3.88,3.41,3.2,3.72
3.88,3.53,3.15,3.78
3.85,3.5,3.18,3.67
3.84,3.53,3.08,3.67
3.85,3.69,3.11,3.7
3.89,3.67,3.14,3.7
3.83,3.65,3.16,3.77
3.88,3.51,3.12,3.7
3.85,3.48,3.1,3.8
3.85,3.34,3.1,3.85
3.82,3.26,3.11,3.87
3.84,3.26,3.17,3.91
3.79,3.3,3.11,3.87
3.85,3.25,3.16,3.91
3.86,3.26,3.08,3.86
3.84,3.23,3.12,3.93
3.86,3.21,3.1,3.95
3.85,3.24,3.1,4.13
3.84,3.29,3.16,4.15
3.79,3.23,3.12,3.79
3.85,3.29,3.12,3.85
3.89,4,3.05,4.21
3.85,4.03,3,4.19
3.81,4.03,2.94,4.3
3.93,3.34,2.97,3.82
3.81,3.35,2.93,3.8
3.85,3.7,2.93,3.82
3.77,3.41,2.9,3.9
3.82,4.07,2.88,3.86
3.78,3.37,2.8,3.85
3.72,3.54,2.82,3.85
3.73,3.43,2.83,4.06
3.78,3.45,2.8,4.22
3.65,3.84,2.76,4.28
3.62,3.8,2.76,4.22
3.6,3.48,2.69,4.25
3.6,3.51,2.66,4.04
3.63,3.54,2.74,4.04
3.59,3.57,2.61,4.38
3.54,3.63,2.57,4.41
3.45,3.69,2.6,4.47
3.48,3.68,2.52,4.63
3.41,3.71,2.52,3.95
3.48,3.88,2.45,4.27
3.48,3.94,2.43,4.24
3.44,3.94,2.37,4.21
3.49,3.91,2.3,4.17
3.46,3.93,2.3,4.22
3.32,3.96,2.32,4.16
3.3,4,2.31,4.22
3.37,3.93,2.27,4.33
3.32,3.96,2.25,4.4
3.34,3.99,2.27,4.34
3.28,4.07,2.25,4.33
3.32,4.1,2.29,4.38
3.27,4.06,2.27,4.36
3.27,4.06,2.28,4.49
3.23,3.95,2.31,4.46
3.22,3.94,2.31,4.32
3.18,3.86,2.37,4.37
3.23,3.98,2.36,4.36
3.24,3.99,2.3,4.35
3.22,3.96,2.31,4.3
3.2,3.92,2.34,4.41
3.14,3.97,2.27,4.38
3.19,3.96,2.25,4.41
3.2,3.96,2.23,4.36
3.2,4.01,2.19,4.33
3.15,4,2.21,4.35
3.21,3.98,2.23,4.33
3.18,4,2.21,4.42
3.19,4,2.22,4.38
3.15,3.98,2.26,4.37
3.25,3.96,2.2,4.27
3.2,3.99,2.25,4.29
3.19,3.92,2.24,4.34
3.19,3.98,2.29,4.33
3.22,4.03,2.31,4.37
3.19,3.96,2.33,4.36
3.19,3.96,2.32,4.29
3.19,3.97,2.33,4.35
3.16,3.9,2.37,4.36
3.22,3.89,2.41,4.41
3.14,4.01,2.35,4.52
3.16,3.88,2.45,4.49
3.17,3.85,2.45,4.58
3.11,3.79,2.4,4.62
3.05,3.79,2.45,4.67
3.03,3.72,2.52,4.6
2.98,3.69,2.47,4.59
2.94,3.67,2.47,4.68
2.89,3.71,2.52,4.66
2.89,3.66,2.52,4.71
2.82,3.65,2.6,4.75
2.81,3.74,2.62,4.77
2.75,3.63,2.72,4.82
2.75,3.55,2.86,4.78
2.69,3.4,2.88,4.84
2.59,3.4,3,4.9
2.51,3.4,3.09,5.13
2.49,3.34,3.11,5.24
2.5,3.29,3.14,5.2
2.41,3.25,3.11,5.12
2.34,3.21,3.15,5.14
2.35,3.19,3.23,5.15
2.22,3.1,3.32,5.2
2.2,3.06,3.43,5.23
2.17,3.03,3.42,5.23
2.17,3.01,3.45,5.3
2.06,2.95,3.5,5.38
2.1,2.93,3.58,5.42
1.99,2.95,3.57,5.38
1.98,2.89,3.63,5.49
1.9,2.82,3.71,5.53
1.98,2.78,3.81,5.56
1.88,2.75,3.85,5.57
1.85,2.69,3.84,5.67
1.83,2.64,3.93,5.67
1.81,2.59,3.99,5.68
1.82,2.56,3.99,5.67
1.85,2.54,4.02,5.75
1.75,2.49,4.07,5.88
1.66,2.57,4.09,5.93
1.62,2.47,4.15,5.93
1.54,2.45,4.2,5.98
1.5,2.47,4.24,6.12
1.45,2.47,4.24,6.12
1.5,2.41,4.35,6.09
1.47,2.41,4.34,6.06
1.46,2.31,4.39,6.14
1.43,2.29,4.4,6.14
1.48,2.28,4.47,6.15
1.44,2.29,4.56,6.17
1.41,2.25,4.5,6.19
1.43,2.22,4.5,6.28
1.46,2.17,4.53,6.27
1.41,2.2,4.52,6.26
1.38,2.18,4.49,6.25
1.34,2.23,4.52,6.23
1.32,2.33,4.52,6.33
1.33,2.28,4.55,6.37
1.34,2.28,4.56,6.3
1.31,2.27,4.51,6.32
1.33,2.34,4.55,6.33
1.32,2.26,4.52,6.29
1.31,2.38,4.47,6.26
1.38,2.33,4.51,6.21
1.31,2.31,4.4,6.22
1.38,2.26,4.45,6.23
1.48,2.26,4.42,6.24
1.54,2.26,4.38,6.21
1.55,2.28,4.41,6.12
1.57,2.29,4.33,6.21
1.6,2.24,4.43,6.17
1.67,2.2,4.36,5.98
1.66,2.19,4.4,5.99
1.62,2.19,4.46,5.96
1.7,2.15,4.43,6.02
1.82,2.13,4.46,5.99
1.85,2.03,4.51,5.92
1.88,2.01,4.56,5.93
1.9,2.03,4.53,5.87
1.95,1.94,4.5,5.85
1.99,1.9,4.63,5.88
2.1,1.81,4.66,5.94
2.18,1.83,5.53,5.95
2.23,1.82,4.6,6.02
2.32,1.78,4.49,5.85
2.26,1.76,4.59,5.76
2.33,1.74,4.55,5.64
2.63,1.77,4.63,5.65
2.49,1.72,4.6,5.62
2.41,1.69,4.6,5.58
2.31,1.7,4.67,5.6
2.44,1.65,4.68,5.67
2.53,1.64,4.69,5.64
2.53,1.6,4.75,5.57
2.59,1.56,4.71,5.64
2.6,1.5,4.84,5.69
2.59,1.49,4.83,5.62
2.51,1.48,4.86,5.68
2.63,1.44,4.88,5.7
2.75,1.35,4.92,5.63
2.7,1.31,4.93,5.67
2.84,1.33,4.9,5.67
2.93,1.3,4.96,5.72
2.89,1.32,5.12,5.69
2.83,1.26,5.05,5.68
2.83,1.3,5.01,5.66
2.83,1.42,5.04,5.57
2.95,1.56,5.01,5.5
2.99,1.46,4.99,5.51
3.08,1.52,5.03,5.53
3.17,1.49,5.03,5.61
3.11,1.49,4.98,5.57
3.28,1.45,5.03,5.63
3.26,1.42,4.99,5.68
2.96,1.44,5.02,5.66
2.9,1.46,5.03,5.66
2.91,1.45,5.01,5.67
3.23,1.4,5.07,5.67
2.89,1.42,5.15,5.71
3.01,1.41,6.52,5.62
2.89,1.36,5.11,5.64
2.93,1.26,5.11,5.66
2.97,1.26,5.05,5.62
3.51,1.26,5.07,5.75
2.93,1.36,5.05,5.71
2.78,1.42,5.03,5.67
2.79,1.58,5.05,5.66
3.12,1.57,5,5.9
3.05,1.54,4.98,5.73
2.89,1.61,5.04,5.54
2.89,1.27,4.96,5.49
3.04,1.76,4.88,5.46
2.94,1.43,4.88,5.56
2.88,1.48,4.78,5.35
2.83,1.48,4.91,5.51
2.98,1.48,4.78,5.5
3.06,1.5,4.7,5.5
2.96,1.53,4.66,5.47
3.07,1.59,4.67,5.43
2.96,1.68,4.62,5.34
2.81,1.62,4.6,5.21
3.39,1.75,4.5,5.18
3.27,1.85,4.47,5.13
3.13,1.99,4.44,5.1
3.17,2.12,4.35,5.06
3.09,1.93,4.37,5.08
2.99,1.98,4.31,5
2.97,2.02,4.22,4.97
3.06,2.17,4.22,4.83
3.26,2.1,4.18,4.83
3.15,2.34,4.14,4.89
3.14,2.32,4.16,4.84
3.11,2.45,4,4.78
3.11,2.38,4.03,4.76
3.15,2.55,3.94,4.75
3.1,2.31,4.03,4.74
3.14,2.39,3.88,4.55
3.28,2.5,3.87,4.63
3.21,2.54,3.86,4.6
3.17,2.65,3.79,4.44
3.22,2.44,3.68,4.87
3.26,2.62,3.7,4.95
3.29,2.73,3.69,4.87
3.41,2.68,3.64,4.58
3.41,2.67,3.57,4.45
3.44,2.83,3.56,4.63
3.49,3.13,3.59,4.4
3.52,2.89,3.56,4.51
3.5,2.75,3.52,4.45
3.57,2.81,3.49,4.49
3.57,2.88,3.45,4.38
3.62,3.33,3.43,4.1
3.63,3.77,3.33,3.97
3.68,3.82,3.34,3.98
3.73,3.69,3.32,4.04
3.72,3.45,3.26,4.01
3.8,3.22,3.22,3.93
3.83,3.16,3.17,3.89
3.84,4.04,3.14,3.83
3.79,3.62,3.22,3.85
3.83,3.6,3.25,3.84
3.87,3.77,3.21,3.73
3.91,3.78,3.21,3.69
3.88,3.48,3.2,3.7
3.95,3.35,3.21,3.71
4.01,3.79,3.26,3.65
3.95,3.76,3.23,3.65
4.02,3.69,3.17,3.63
3.99,3.6,3.17,3.58
4.04,3.57,3.17,3.59
4.02,3.63,3.19,3.61
4.05,3.6,3.19,3.6
4.03,3.54,3.22,3.66
4.05,3.51,3.19,3.57
4.02,3.5,3.21,3.69
4.01,3.49,3.3,3.71
4.01,3.48,3.26,3.79
4.04,3.37,3.29,3.5
4.06,3.39,3.3,3.61
4.14,3.36,3.38,3.61
4.12,3.33,3.34,3.74
4.07,3.3,3.36,3.77
4.11,3.29,3.31,3.82
4.13,3.31,3.33,3.91
4.05,3.41,3.3,3.86
4.06,3.55,3.27,3.79
4.07,3.53,3.29,3.85
3.94,3.72,3.28,3.59
4,3.85,3.25,3.65
3.96,3.8,3.26,3.7
3.94,3.84,3.23,3.67
3.92,3.5,3.25,3.72
3.92,3.79,3.16,3.65
3.94,3.92,3.1,3.81
3.87,3.43,3.08,3.85
3.93,3.43,3,3.58
3.84,3.71,2.97,3.75
3.81,3.69,2.96,3.8
3.83,3.51,2.93,3.81
3.81,3.41,2.89,3.75
3.74,3.48,2.9,3.79
3.75,3.58,2.87,3.78
3.76,3.86,2.89,3.76
3.72,3.53,2.83,3.87
3.65,3.36,2.75,3.8
3.66,3.36,2.84,3.86
3.69,3.42,2.78,3.86
3.6,3.5,2.74,3.87
3.52,3.45,2.71,3.91
3.63,3.46,2.65,3.93
3.63,3.43,2.63,3.96
3.52,3.49,2.59,4
3.49,3.55,2.6,4.08
3.41,3.67,2.5,4.04
3.44,3.75,2.44,3.96
3.45,3.67,2.46,3.93
3.47,3.71,2.52,3.96
3.42,3.73,2.41,4.03
3.42,3.85,2.42,4.13
3.38,3.86,2.31,4.11
3.4,4.05,2.34,4.12
3.4,4,2.32,4.12
3.33,3.89,2.26,4.19
3.33,3.89,2.3,4.16
3.31,3.95,2.3,4.17
3.3,3.93,2.34,4.16
3.31,4.02,2.38,4.19
3.26,3.96,2.45,4.28
3.21,4.07,2.45,4.3
3.23,4.03,2.32,4.43
3.26,3.93,2.36,4.4
3.23,3.9,2.34,4.38
3.2,3.91,2.37,4.32
3.21,3.95,2.41,4.45
3.17,3.9,2.34,4.39
3.19,3.93,2.39,4.31
3.18,3.94,2.45,4.39
3.2,3.95,2.45,4.48
3.2,3.98,2.37,4.35
3.15,3.87,2.32,4.39
3.18,3.89,2.3,4.32
3.21,3.88,2.34,4.32
3.15,3.85,2.37,4.34
3.12,3.87,2.37,4.39
3.12,3.86,2.44,4.3
3.09,3.81,2.45,4.38
3.15,3.67,2.47,4.33
3.16,3.67,2.46,4.38
3.11,3.59,2.45,4.42
3.07,3.59,2.51,4.48
3.01,3.49,2.5,4.47
2.99,3.46,2.59,4.52
2.89,3.44,2.68,4.53
2.88,3.38,2.72,4.53
2.77,3.36,2.73,4.63
2.73,3.35,2.8,4.68
2.68,3.32,2.89,4.76
2.7,3.35,2.91,4.8
2.65,3.33,2.95,4.83
2.58,3.3,3,4.94
2.56,3.3,2.99,4.91
2.48,3.22,3.1,4.94
2.45,3.11,3.2,4.91
2.4,3.07,3.2,5
2.39,2.97,3.21,5.08
2.34,3.01,3.33,5.06
2.3,2.85,3.32,5.14
2.24,2.93,3.36,5.19
2.21,2.86,3.45,5.2
2.15,2.87,3.48,5.17
2.07,2.8,3.55,5.27
2.08,2.69,3.59,5.36
2.05,2.76,3.64,5.52
1.95,2.7,3.75,5.5
1.99,2.74,3.76,5.54
1.9,2.77,3.78,5.62
1.87,2.76,3.86,5.56
1.81,2.76,3.79,5.62
1.8,2.75,3.85,5.68
1.78,2.66,3.91,5.73
1.76,2.59,3.93,5.76
1.66,2.62,3.95,5.81
1.7,2.46,3.94,5.77
1.7,2.41,4.08,5.85
1.67,2.52,4.12,5.9
1.62,2.44,4.15,5.91
1.56,2.45,4.18,5.93
1.6,2.35,4.22,5.97
1.54,2.33,4.21,5.97
1.47,2.44,4.29,6.1
1.46,2.41,4.35,6.09
1.44,2.39,4.3,6.28
1.48,2.36,4.31,6.18
1.47,2.35,4.36,6.24
1.52,2.29,4.36,6.18
1.49,2.35,4.3,6.22
1.43,2.36,4.31,6.13
1.43,2.35,4.35,6.18
1.42,2.32,4.32,6.22
1.44,2.33,4.31,6.31
1.45,2.31,4.35,6.25
1.41,2.24,4.35,6.28
1.45,2.26,4.35,6.53
1.5,2.2,4.4,6.29
1.48,2.32,4.28,6.44
1.56,2.23,4.38,6
1.59,2.27,4.4,5.94
1.6,2.26,4.38,6.49
1.64,2.12,4.4,6.15
1.62,2.11,4.29,6.16
1.76,2.17,4.42,6.08
1.81,2.07,4.45,6.06
1.88,2.04,4.99,5.97
1.89,2,4.53,6.05
1.95,1.97,4.58,6.1
2.03,1.88,4.63,6.27
2.01,1.84,4.58,5.67
2.07,1.83,4.57,6.03
2.19,1.82,4.63,6.05
2.24,1.78,4.65,5.88
2.34,1.73,4.61,5.81
2.31,1.7,4.6,5.84
2.28,1.67,4.68,5.96
2.3,1.69,4.79,5.86
2.3,1.65,4.72,5.88
2.31,1.62,4.8,5.8
2.44,1.63,4.72,5.92
2.48,1.56,4.66,5.44
2.58,1.57,4.69,5.55
2.61,1.59,4.77,5.7
2.64,1.51,5.08,5.63
2.68,1.57,4.8,5.67
2.71,1.58,4.73,5.61
2.74,1.56,4.72,5.57
2.7,1.56,4.83,5.59
2.66,1.58,4.91,5.59
2.65,1.54,5.06,5.61
2.74,1.5,4.87,5.62
2.72,1.45,4.91,5.54
2.7,1.4,4.94,5.69
2.75,1.35,4.89,5.72
2.8,1.29,5.02,5.76
2.89,1.3,5.03,5.75
3.12,1.25,4.99,5.73
3.16,1.23,5.1,5.74
3.1,1.18,5.02,5.79
2.76,1.27,4.95,5.73
2.79,1.22,5.2,5.74
2.75,1.27,5.1,5.72
2.77,1.27,5.09,5.67
3,1.24,5.06,5.82
3.03,1.25,5.06,5.71
2.98,1.26,5.09,6.39
3.03,1.2,5.05,6.32
2.93,1.25,5.01,5.65
3.05,1.26,5.02,5.84
2.89,1.26,5.1,5.87
3.27,1.29,5.05,5.78
3.08,1.38,5.01,5.84
3.22,1.33,4.97,5.81
2.87,1.39,5.01,5.75
2.97,1.34,4.98,5.69
2.96,1.42,4.88,5.68
2.94,1.37,4.96,5.67
2.82,1.46,4.9,5.57
2.76,1.5,4.92,5.59
2.66,1.41,4.84,5.55
2.73,1.45,4.84,5.61
2.79,1.53,4.92,5.64
2.77,1.47,4.84,5.6
2.97,1.48,4.82,5.58
2.84,1.51,4.67,5.55
2.77,1.52,4.74,5.61
2.8,1.64,4.76,5.59
2.76,1.61,4.7,5.45
2.84,1.62,4.61,5.56
2.62,1.64,4.57,5.45
2.62,1.75,4.57,5.35
3.1,1.81,4.5,5.29
2.98,1.8,4.38,5.4
2.9,1.86,4.39,5.43
2.9,1.81,4.35,5.73
2.96,1.87,4.36,5.63
2.92,2.03,4.39,5.3
2.87,2.03,4.38,5.21
2.89,2.07,4.26,4.81
3.06,2,4.16,5.15
3.17,2.02,4.15,5.1
3.18,2.07,4.14,5.02
3.11,2.05,4.14,5
3.07,2.17,4.06,4.98
3.05,2.27,4.04,4.8
3.04,2.21,3.93,4.89
3.1,2.26,3.89,4.86
3.05,2.31,3.86,4.59
3.08,2.33,3.86,5.15
3.08,2.35,3.79,5.01
3.1,2.37,3.76,4.96
3.15,2.5,3.69,4.94
3.16,2.54,3.77,4.93
3.26,2.53,3.71,4.9
3.27,2.57,3.69,4.79
3.31,2.7,3.69,4.71
3.35,2.62,3.64,4.72
3.31,2.66,3.63,4.78
3.44,2.72,3.59,4.73
3.46,2.76,3.49,4.69
3.45,2.85,3.52,4.66
3.42,2.99,3.53,4.04
3.47,3.03,3.49,4.1
3.47,2.99,3.43,4.24
3.55,3.03,3.41,4.16
3.58,3.06,3.34,4.08
3.6,3.33,3.31,4.11
3.65,3.2,3.31,4.01
3.66,3.17,3.22,4
3.67,3.31,3.22,3.93
3.66,3.35,3.21,3.86
3.74,3.46,3.19,3.9
3.78,3.57,3.15,3.89
3.83,3.53,3.19,3.84
3.73,3.86,3.14,3.86
3.81,3.65,3.14,3.72
3.89,3.77,3.17,3.71
3.83,4.01,3.17,3.61
3.93,4.19,3.18,3.59
3.94,4.14,3.17,3.57
4.01,3.27,3.15,3.55
4.01,3.46,3.16,3.55
4.05,3.98,3.19,3.56
4.03,3.76,3.15,3.56
4.06,3.79,3.11,3.55
4.04,3.94,3.14,3.54
4.08,4,3.15,3.55
4.04,4.08,3.19,3.52
4.06,3.44,3.17,3.6
3.98,3.64,3.14,3.59
3.96,3.76,3.17,3.68
3.93,3.81,3.14,3.72
3.94,3.82,3.2,3.69
3.99,3.21,3.14,3.72
3.94,3.22,3.19,3.72
3.88,3.31,3.24,3.72
3.88,3.2,3.26,3.71
3.84,3.31,3.32,3.81
3.86,3.42,3.4,3.83
3.87,3.25,3.37,4.03
3.79,3.12,3.38,4.09
3.79,3.29,3.41,4.18
3.8,3.28,3.43,4.68
3.79,3.24,3.41,3.83
3.81,3.21,3.36,3.96
3.79,3.18,3.37,3.87
3.8,3.2,3.33,3.9
3.77,3.2,3.31,3.99
3.72,3.2,3.24,3.93
3.79,3.28,3.22,3.88
3.66,3.37,3.19,3.93
3.64,3.38,3.16,3.88
3.68,3.32,3.16,3.93
3.62,3.3,3.12,3.93
3.68,3.41,3.11,3.87
3.62,3.37,3.02,3.9
3.58,3.46,2.98,3.95
3.7,3.5,3.01,3.96
3.55,3.41,3.05,3.98
3.58,3.77,3.04,4
3.46,3.45,2.97,4.02
3.47,3.43,2.97,4.08
3.4,3.38,2.97,4.05
3.37,3.31,2.95,4.02
3.38,3.33,2.92,4.08
3.34,3.3,2.89,4.11
3.35,3.33,2.85,4.11
3.35,3.33,2.84,4.07
3.28,3.41,2.88,4.1
3.33,3.44,2.74,4.22
3.33,3.51,2.69,4.15
3.3,3.51,2.74,4.16
3.32,3.48,2.65,4.16
3.26,3.64,2.67,4.21
3.26,3.63,2.61,4.21
3.27,3.65,2.55,4.17
3.3,3.67,2.55,4.13
3.24,3.72,2.51,4.18
3.23,3.69,2.52,4.22
3.23,3.7,2.52,4.24
3.24,3.75,2.52,4.27
3.27,3.73,2.45,4.29
3.26,3.74,2.49,4.23
3.19,3.75,2.54,4.32
3.17,3.72,2.54,4.26
3.18,3.75,2.52,4.26
3.12,3.82,2.63,4.38
3.07,3.72,2.56,4.38
3.03,3.72,2.64,4.46
3.04,3.71,2.68,4.49
2.96,3.63,2.64,4.47
3.01,3.6,2.61,4.47
3.05,3.7,2.62,4.49
3,3.74,2.57,4.51
2.97,3.75,2.58,4.55
2.95,3.75,2.51,4.6
2.99,3.78,2.6,4.63
2.99,3.79,2.53,4.54
2.97,3.86,2.56,4.57
2.98,3.85,2.52,4.59
3,3.92,2.54,4.48
2.98,3.91,2.44,4.59
2.97,3.86,2.43,4.53
2.97,3.88,2.44,4.61
2.97,3.86,2.42,4.59
3.03,3.85,2.39,4.65
3.03,3.81,2.32,4.54
3.09,3.87,2.29,4.51
3.1,3.75,2.26,4.5
3.06,3.86,2.28,4.59
3.14,3.87,2.4,4.57
3.16,3.81,2.38,4.64
3.18,3.78,2.4,4.62
3.12,3.77,2.5,4.56
3.11,3.79,2.55,4.58
3.1,3.81,2.48,4.62
3.1,3.78,2.47,4.55
3.1,3.82,2.46,4.41
3.11,3.7,2.52,4.44
3.14,3.64,2.52,4.46
3.11,3.62,2.61,4.39
3.04,3.64,2.69,4.46
3.07,3.57,2.67,4.47
3,3.56,2.64,4.62
3.02,3.59,2.71,4.68
2.97,3.57,2.83,4.74
2.92,3.55,2.82,4.68
2.9,3.35,2.82,4.64
2.83,3.41,2.79,4.74
2.79,3.31,2.87,4.83
2.75,3.26,2.89,4.78
2.71,3.16,2.9,4.87
2.7,3.17,2.93,4.87
2.67,3.19,2.88,4.81
2.67,3.19,2.97,4.83
2.6,3.18,3.01,4.89
2.54,3.13,3.05,4.94
2.47,3.14,3.16,4.94
2.37,2.99,3.15,5.06
2.35,3.01,3.23,4.96
2.36,2.94,3.31,5.05
2.4,2.89,3.33,4.96
2.33,2.91,3.34,5.06
2.32,2.83,3.34,5.19
2.34,2.87,3.43,5.23
2.26,2.88,3.37,5.34
2.24,2.78,3.46,5.39
2.18,2.77,3.49,5.52
2.22,2.73,3.47,5.51
2.06,2.74,3.51,5.57
2.1,2.74,3.55,5.54
2.03,2.66,3.6,5.56
2,2.68,3.62,5.61
1.96,2.65,3.7,5.63
1.92,2.57,3.66,5.57
1.93,2.61,3.67,5.64
1.89,2.58,3.72,5.65
1.92,2.59,3.82,5.67
1.83,2.53,3.89,5.7
1.88,2.52,3.9,5.66
1.79,2.47,3.94,5.64
1.82,2.45,4,5.66
1.83,2.4,4.06,5.85
1.72,2.41,4.12,6.13
1.64,2.29,4.15,6.1
1.64,2.29,4.22,6.04
1.7,2.26,4.23,6.09
1.58,2.29,4.24,6.11
1.64,2.21,4.29,6.05
1.54,2.18,4.34,6.02
1.59,2.21,4.37,6.11
1.51,2.24,4.5,6.06
1.55,2.25,4.46,6.03
1.56,2.3,4.45,6.13
1.5,2.24,4.43,6.14
1.55,2.25,4.44,6.19
1.51,2.21,4.42,6.11
1.65,2.22,4.48,6.16
1.67,2.21,4.37,6.1
1.7,2.3,4.41,6.1
1.56,2.21,4.42,6.14
1.65,2.17,4.37,6.24
1.65,2.23,4.4,6.17
1.73,2.14,4.46,6.16
1.7,2.14,4.45,6.16
1.67,2.12,4.44,6.12
1.68,2.13,4.52,6.08
1.77,2.07,4.52,6.07
1.75,2.07,4.51,6.08
1.82,2.09,4.53,6.03
1.87,2.09,4.5,5.97
1.95,1.99,4.62,5.92
1.93,1.93,4.6,6.07
1.99,1.81,4.56,5.65
2.03,1.83,5.32,6.12
2.18,1.74,5.48,6.06
2.06,1.7,4.64,5.99
2.14,1.7,4.6,5.97
2.19,1.64,4.73,5.9
2.23,1.66,4.62,5.95
2.28,1.64,5.1,5.89
2.29,1.59,4.74,5.91
2.31,1.56,4.79,5.8
2.37,1.56,4.74,5.8
2.41,1.52,4.81,5.72
2.5,1.49,4.75,5.66
2.59,1.5,4.69,5.69
2.58,1.48,4.67,5.76
2.62,1.46,4.73,5.71
2.57,1.47,4.79,5.64
2.59,1.49,4.73,5.58
2.58,1.41,4.85,5.59
2.77,1.42,4.91,5.62
2.81,1.37,4.95,5.63
2.74,1.32,4.94,5.66
2.77,1.31,5,5.67
2.83,1.24,5.04,5.65
2.82,1.19,5.04,5.64
3.04,1.13,5.04,5.6
3.03,1.13,5.04,5.72
2.99,1.27,5.05,5.71
3.11,1.51,5.07,5.66
3.24,1.31,5.02,5.6
3.2,1.41,5.15,5.64
3.19,1.53,5.13,5.68
3.26,1.57,5.07,5.63
3.32,1.59,5.08,5.66
2.97,1.62,5.06,5.69
3.58,1.72,5.04,5.75
2.91,1.71,4.97,6.12
2.96,1.92,5.01,6.02
2.9,1.22,5.01,6.02
3.06,1.72,5.03,6.01
3.07,1.57,4.99,6.09
3.06,1.65,4.94,5.99
3.02,1.65,4.93,5.65
3.05,1.57,4.93,5.62
2.98,1.55,4.91,5.56
2.99,1.51,4.92,5.65
3.04,1.51,4.84,5.53
3.02,1.61,4.79,5.54
3.08,1.58,4.78,5.52
3.04,1.59,4.79,5.52
3.15,1.7,4.84,5.47
3.15,1.5,4.73,5.38
3.19,1.46,4.67,5.33
3.34,1.42,4.71,5.27
3.19,1.54,4.57,5.32
3.47,1.57,4.61,5.31
3.33,1.66,4.55,5.18
3.34,1.74,4.47,5.13
3.26,1.78,4.42,5.09
3.54,1.8,4.31,5.03
3.03,1.86,4.33,4.97
3.44,1.95,4.3,4.95
3.09,1.98,4.26,4.94
3.22,2,4.26,4.92
3.65,2.06,4.25,4.82
3.46,2.03,4.14,4.84
3.48,2.04,4.15,4.77
3.4,2.09,4.16,4.74
3.36,2.1,4.17,4.79
3.25,2.17,4.17,4.73
3.21,2.28,4.02,4.74
3.14,2.28,4.04,4.73
3.16,2.28,3.94,4.67
3.16,2.34,3.95,4.62
3.22,2.39,3.93,4.56
3.39,2.42,3.84,4.55
3.37,2.45,3.8,4.53
3.35,2.43,3.8,4.55
3.36,2.5,3.76,4.57
3.47,2.53,3.69,4.56
3.32,2.58,3.72,4.5
3.37,2.65,3.67,4.53
3.45,2.69,3.65,4.31
3.34,2.83,3.61,4.29
3.63,2.82,3.56,4.23
3.5,2.76,3.54,4.15
3.55,2.82,3.59,4.1
3.57,2.91,3.54,3.97
3.53,2.99,3.46,3.95
3.6,2.98,3.45,3.99
3.62,3.02,3.41,3.98
3.63,3.1,3.48,3.99
3.86,3.11,3.38,3.9
3.76,3.12,3.32,3.94
3.79,3.14,3.29,3.93
3.78,3.17,3.25,3.88
3.79,3.17,3.27,3.8
3.8,3.2,3.23,3.81
3.78,3.18,3.22,3.8
3.75,3.28,3.25,3.85
3.75,3.55,3.23,3.76
3.78,3.68,3.16,3.72
3.89,3.68,3.19,3.74
3.89,3.41,3.17,3.73
3.95,3.37,3.21,3.7
3.89,3.49,3.18,3.67
4.05,3.59,3.16,3.6
4.03,3.59,3.2,3.6
4.04,3.6,3.19,3.6
4.02,3.56,3.18,3.59
3.99,3.57,3.25,3.58
4.01,3.54,3.19,3.6
3.95,3.49,3.17,3.69
3.91,3.52,3.25,3.74
3.99,3.55,3.23,3.88
4.06,3.73,3.22,3.85
3.99,3.87,3.25,3.85
3.88,3.8,3.23,3.73
3.93,3.75,3.24,3.65
3.9,3.62,3.16,3.69
3.94,3.72,3.2,3.71
3.84,3.27,3.19,3.74
3.8,3.28,3.19,3.78
3.81,3.56,3.22,3.83
3.81,3.48,3.19,3.86
3.73,3.6,3.18,3.98
3.76,3.66,3.13,4.14
3.73,3.48,3.08,4.11
3.78,3.42,3.02,4.21
3.71,3.32,3.04,4.01
3.73,3.79,2.98,4.09
3.7,3.91,2.95,4.03
3.73,3.86,2.93,3.93
3.72,3.56,2.88,3.98
3.65,3.51,2.82,4.19
3.62,3.77,2.82,4.15
3.64,4.12,2.77,4.04
3.53,3.95,2.74,3.7
3.62,3.78,2.72,3.95
3.54,3.45,2.7,4.04
3.57,3.85,2.72,4
3.5,3.48,2.7,4.18
3.47,3.57,2.74,4.18
3.48,3.57,2.72,4.23
3.42,3.61,2.63,4.36
3.4,3.68,2.64,4.27
3.4,3.62,2.61,4.27
3.3,3.69,2.56,4.31
3.33,3.63,2.58,4.33
3.36,3.84,2.56,4.22
3.41,3.75,2.52,4.13
3.36,3.86,2.52,4.17
3.32,3.83,2.49,4.23
3.34,3.87,2.39,4.23
3.33,3.85,2.4,4.19
3.33,3.94,2.37,4.24
3.32,4.03,2.34,4.23
3.24,4.05,2.38,4.27
3.19,4.09,2.39,4.23
3.14,3.96,2.39,4.33
3.2,3.86,2.37,4.35
3.13,3.93,2.38,4.32
3.1,3.88,2.45,4.36
3.11,3.92,2.54,4.4
3.08,3.84,2.52,4.53
2.99,3.8,2.59,4.47
3.02,3.86,2.56,4.5
3.04,3.81,2.58,4.49
2.99,3.78,2.66,4.6
3.03,3.79,2.51,4.56
3.02,3.76,2.52,4.53
3.04,3.81,2.54,4.49
3.06,3.86,2.62,4.54
3.07,3.84,2.68,4.42
3.04,3.88,2.5,4.44
3.1,3.86,2.59,4.43
3.07,3.8,2.5,4.44
3,3.74,2.5,4.47
3.05,3.71,2.44,4.53
2.99,3.73,2.44,4.49
2.95,3.7,2.39,4.52
2.98,3.65,2.45,4.53
2.95,3.67,2.56,4.6
2.93,3.6,2.63,4.61
2.89,3.55,2.63,4.63
2.89,3.52,2.6,4.77
2.83,3.51,2.58,4.62
2.84,3.56,2.64,4.75
2.78,3.5,2.71,4.7
2.83,3.42,2.76,4.76
2.74,3.34,2.76,4.72
2.63,3.36,2.85,4.92
2.72,3.31,2.88,4.96
2.66,3.26,2.93,4.97
2.65,3.28,2.97,5.03
2.64,3.23,3.05,4.99
2.56,3.21,3.08,5.04
2.48,3.23,3.06,5.06
2.49,3.16,3.11,5.02
2.49,3.14,3.23,5.04
2.41,3.11,3.26,5.09
2.25,3.09,3.26,5.1
2.28,3.11,3.29,5.12
2.22,2.99,3.36,5.2
2.14,3.11,3.42,5.18
2.14,2.99,3.44,5.31
2.16,2.96,3.44,5.31
2.13,2.96,3.43,5.33
2.12,2.82,3.51,5.34
2.06,2.8,3.53,5.47
2.05,2.86,3.64,5.49
2.01,2.72,3.67,5.52
1.98,2.73,3.77,5.51
1.93,2.74,3.74,5.52
2.01,2.68,3.81,5.51
1.95,2.64,3.76,5.55
1.92,2.66,3.74,5.59
1.93,2.6,3.79,5.59
1.99,2.55,3.89,5.64
1.88,2.61,3.88,5.67
1.86,2.57,3.93,5.67
1.79,2.58,3.87,5.75
1.82,2.57,3.94,5.74
1.83,2.52,3.98,5.78
1.87,2.5,4,5.77
1.86,2.5,4,5.76
1.86,2.51,4.05,5.85
1.82,2.44,4.01,5.75
1.79,2.5,4.01,5.81
1.8,2.49,4.09,5.81
1.74,2.5,4.1,5.72
1.82,2.41,4.06,5.83
1.86,2.39,4.18,5.91
1.83,2.35,4.14,5.85
1.78,2.35,4.07,5.96
1.73,2.3,4.19,5.91
1.72,2.26,4.11,5.97
1.74,2.19,4.16,5.8
1.79,2.22,4.25,5.87
1.72,2.19,4.22,5.95
1.76,2.2,4.28,5.91
1.77,2.16,4.28,5.9
1.78,2.22,4.26,5.95
1.78,2.14,4.24,5.94
1.72,2.24,4.26,5.89
1.74,2.14,4.22,5.87
1.72,2.19,4.22,5.94
1.72,2.18,4.22,5.86
1.73,2.14,4.28,5.89
1.73,2.22,4.31,5.97
1.72,2.14,4.33,5.87
1.71,2.14,4.25,5.93
1.71,2.17,4.23,5.88
1.75,2.14,4.28,5.95
1.77,2.18,4.27,5.87
1.82,2.21,4.3,5.95
1.81,2.16,4.28,6.07
1.78,2.19,4.26,6.01
1.81,2.14,4.26,6.13
1.81,2.19,4.25,6.02
1.8,2.22,4.3,5.92
1.81,2.19,4.28,5.97
1.77,2.21,4.26,6.09
1.75,2.26,4.3,5.94
1.79,2.29,4.25,5.99
1.78,2.21,4.28,5.98
1.76,2.16,4.26,6.02
1.8,2.13,4.28,5.92
1.8,2.17,4.23,6.23
1.79,2.26,4.31,6.14
1.88,2.16,4.3,6.06
1.93,2.13,4.31,5.89
1.88,2.11,4.39,5.96
1.95,2.04,4.34,5.81
1.98,1.99,4.38,5.84
2.06,1.97,4.31,5.73
2.07,1.9,4.31,5.82
2.15,1.87,4.39,5.61
2.16,1.91,4.3,5.64
2.15,1.88,4.36,5.81
2.2,1.89,4.4,5.85
2.22,1.87,4.34,5.65
2.25,1.84,4.42,5.73
2.34,1.82,4.46,5.7
2.45,1.83,4.47,5.64
2.28,1.75,4.54,5.65
2.27,1.65,4.56,5.7
2.6,1.63,4.56,5.78
2.6,1.62,4.58,5.7
2.69,1.57,4.68,5.61
2.7,1.58,4.66,5.63
2.62,1.52,4.72,5.65
2.61,1.55,4.74,5.69
2.63,1.44,4.71,5.72
2.43,1.45,4.76,5.61
2.52,1.54,4.78,5.71
2.56,1.45,4.88,5.61
2.76,1.43,4.86,5.74
2.79,1.38,4.95,5.66
2.84,1.43,4.91,5.58
2.84,1.33,4.91,5.7
2.96,1.37,4.96,5.67
2.81,1.34,4.98,5.74
2.74,1.26,5,5.71
2.74,1.24,5.01,5.58
2.8,1.74,5.01,5.54
2.8,1.64,5.03,5.49
2.93,1.55,5.02,5.54
3,1.41,5.06,5.64
3.34,1.48,4.98,5.67
3.28,1.49,5.01,5.64
3.26,1.46,5.05,5.62
3.22,1.46,5.05,5.63
3.33,1.45,4.99,5.64
3.39,1.51,5.04,5.7
3.38,1.49,5.04,5.68
3.34,1.47,4.98,5.72
3.23,1.48,5,5.69
3.22,1.49,4.99,5.57
3.11,1.53,4.97,5.65
3.07,1.55,4.97,5.59
3.13,1.54,4.96,5.57
3.06,1.61,4.87,5.53
3.07,1.67,4.88,5.42
3.07,1.67,4.86,5.48
2.99,1.67,4.87,5.4
3.02,1.72,4.87,5.33
3.07,1.74,4.83,5.35
3.19,1.76,4.81,5.4
3.18,1.87,4.81,5.26
3.19,2.03,4.83,5.27
3.25,1.93,4.68,5.26
3.23,1.88,4.69,5.11
3.18,1.83,4.68,5.03
3.1,1.96,4.57,5.05
3.13,1.67,4.58,5.13
3.56,1.83,4.52,5.08
3.29,1.85,4.5,5.06
3.32,1.9,4.41,5.03
3.21,2.21,4.38,4.91
3.19,2.42,4.37,4.83
3.22,2.79,4.35,4.87
3.3,2.02,4.26,4.85
3.19,2.18,4.17,4.74
3.31,2.18,4.22,4.75
3.34,2.84,4.22,4.68
3.48,2.94,4.16,4.62
3.58,2.99,4.11,4.58
3.48,2.93,4.04,4.51
3.47,2.6,4.09,4.51
3.45,2.63,3.99,4.44
3.39,2.82,4.01,4.48
3.48,2.6,3.95,4.47
3.5,2.59,3.89,4.36
3.49,2.6,3.92,4.3
3.48,2.57,3.89,4.28
3.54,2.75,3.88,4.22
3.62,2.63,3.85,4.25
3.64,2.81,3.76,4.36
3.62,2.86,3.74,4.24
3.69,3.04,3.68,4.21
3.73,3.11,3.7,4.15
3.7,2.8,3.69,4.04
3.7,2.92,3.71,4.08
3.7,2.91,3.66,3.95
3.76,2.89,3.65,4.03
3.74,2.95,3.6,3.96
3.76,2.93,3.66,4
3.75,3.35,3.62,4.05
3.72,3.58,3.57,4.04
3.76,3.56,3.52,4.12
3.61,2.85,3.51,4.12
3.69,3.15,3.6,4.08
3.6,3.25,3.62,4.01
3.72,3.56,3.6,4.05
3.74,2.87,3.63,4.02
3.55,3.23,3.63,4.08
3.62,2.81,3.63,4.12
3.59,2.86,3.63,4.2
3.55,2.89,3.44,4.24
3.49,3.11,3.63,4.22
3.45,2.87,3.5,4.24
3.44,2.75,3.47,4.26
3.41,2.84,3.34,4.26
3.4,2.89,3.32,4.44
3.41,2.89,3.28,4.23
3.35,2.95,3.32,4.39
3.31,3.32,3.21,4.09
3.28,2.9,3.12,4.41
3.32,3,3.14,4.38
3.27,2.99,3.1,4.34
3.3,3.03,3.08,4.38
3.26,3.74,2.95,4.27
3.17,3.72,2.98,4.21
3.15,3.11,2.94,4.3
3.17,3.19,2.95,4.29
3.06,3.24,2.9,4.38
3.02,3.48,2.88,4.43
3,3.4,2.9,4.47
3,3.36,2.85,4.47
2.91,3.4,2.85,4.38
2.97,3.52,2.82,4.45
2.94,3.49,2.82,4.55
2.86,3.47,2.78,4.53
2.94,3.56,2.76,4.55
2.98,3.56,2.79,4.5
2.96,3.55,2.77,4.57
2.97,3.61,2.74,4.62
2.87,3.58,2.72,4.63
2.82,3.52,2.67,4.67
2.88,3.54,2.65,4.72
2.91,3.58,2.74,4.69
2.81,3.77,2.74,4.72
2.74,3.74,2.79,4.75
2.74,3.75,2.78,4.78
2.74,3.7,2.78,4.83
2.77,3.65,2.83,4.83
2.73,3.65,2.92,4.77
2.76,3.64,2.74,4.83
2.74,3.65,2.71,4.9
2.72,3.68,2.74,4.91
2.76,3.58,2.68,4.89
2.82,3.72,2.74,4.88
2.76,3.67,2.77,4.81
2.76,3.64,2.7,4.79
2.72,3.62,2.72,4.8
2.73,3.5,2.75,4.73
2.75,3.58,2.77,4.68
2.82,3.45,2.78,4.81
2.72,3.43,2.8,4.74
2.72,3.42,2.83,4.81
2.62,3.32,2.83,4.79
2.66,3.33,2.87,4.85
2.64,3.35,2.93,4.83
2.58,3.28,2.95,4.96
2.6,3.3,2.99,4.97
2.54,3.28,3.04,5.03
2.49,3.15,3.12,4.97
2.38,3.18,3.1,5.07
2.34,3.2,3.18,5.09
2.36,3.2,3.18,5.15
2.3,3.09,3.24,5.24
2.24,3.05,3.26,5.26
2.22,3.01,3.31,5.31
2.16,2.95,3.36,5.33
2.02,2.97,3.39,5.34
2.02,3.01,3.45,5.33
1.99,2.9,3.49,5.42
1.95,2.85,3.55,5.5
2.02,2.81,3.69,5.49
1.91,2.77,3.72,5.45
1.85,2.75,3.84,5.52
1.83,2.74,3.89,5.86
1.76,2.61,3.93,5.82
1.75,2.64,4.01,5.88
1.68,2.66,3.93,5.86
1.66,2.54,3.94,5.97
1.67,2.54,4.02,6.08
1.67,2.63,4.07,6.02
1.65,2.55,4.06,5.89
1.58,2.53,4.18,5.89
1.62,2.52,4.14,5.91
1.6,2.52,4.12,5.9
1.61,2.45,4.2,5.94
1.62,2.44,4.22,5.88
1.6,2.34,4.22,5.89
1.62,2.35,4.21,6
1.66,2.27,4.31,5.99
1.62,2.26,4.3,5.91
1.7,2.33,4.26,6.01
1.74,2.28,4.21,6.16
1.78,2.3,4.21,5.87
1.77,2.26,4.23,5.79
1.82,2.23,4.26,6.04
1.85,2.15,4.3,5.95
1.85,2.14,4.37,5.91
1.9,2.04,4.61,5.97
1.91,2,4.44,5.87
1.92,1.97,4.43,5.92
1.99,1.98,4.48,5.74
2,1.87,4.51,6.28
2.13,1.81,4.48,6.13
2.16,1.82,4.52,6.09
2.16,1.68,4.49,6
2.25,1.75,4.95,5.85
2.38,1.67,4.48,5.8
2.5,1.67,4.59,5.69
2.6,1.63,4.65,5.78
2.54,1.63,4.62,5.73
2.45,1.61,4.6,5.67
2.44,1.62,4.64,5.99
2.49,1.62,4.63,6.02
2.61,1.62,4.63,5.7
2.72,1.6,4.62,5.54
2.68,1.49,4.72,5.42
2.75,1.49,4.67,5.48
2.81,1.47,4.82,5.6
2.85,1.4,4.87,5.53
2.8,1.33,4.79,5.59
2.88,1.29,4.92,5.35
2.95,1.34,4.93,6.19
3.02,1.28,4.98,6.21
3.02,1.25,4.97,6.23
3.03,1.29,5.31,5.45
3.05,1.27,4.99,5.57
3.11,1.26,4.98,6.15
3.06,1.33,4.93,6.36
3.36,1.35,5,6.92
3.37,1.3,4.97,5.6
3.19,1.37,4.98,7.31
3.02,1.4,4.86,5.7
2.99,1.38,4.91,5.7
2.91,1.38,4.85,5.52
2.92,1.42,4.8,5.53
2.9,1.48,4.8,5.55
2.87,1.33,4.82,5.52
2.83,1.74,4.87,5.53
2.87,1.93,4.82,5.61
3.04,1.68,4.8,5.53
3.11,1.5,4.71,5.55
3.06,1.56,4.72,5.41
3.08,1.53,4.7,5.31
3.18,1.7,4.68,5.2
2.95,1.77,4.61,5.19
3.05,1.69,4.58,5.15
3.34,1.78,4.45,5.05
3.29,1.83,4.42,5.06
3.14,1.77,4.38,5.08
3.16,1.98,4.28,4.97
3.04,1.97,4.22,5.01
3.03,1.97,4.26,5.02
3.22,2.05,4.24,5.11
3.24,2.08,4.12,4.84
3.07,2.11,4.08,4.82
3.04,2.18,4.07,4.85
3.05,2.32,3.96,4.79
3.16,2.37,3.97,4.76
3.2,2.37,4.01,4.76
3.18,2.46,3.89,4.63
3.24,2.52,3.84,4.67
3.33,2.55,3.82,4.61
3.34,2.59,3.85,4.57
3.59,2.59,3.84,4.52
3.42,2.62,3.77,4.54
3.43,2.74,3.64,4.38
3.44,2.79,3.59,4.29
3.4,2.78,3.57,4.56
3.48,2.89,3.52,4.36
3.56,2.98,3.42,4.27
3.47,2.93,3.41,4.3
3.59,2.97,3.34,4.19
3.56,3.04,3.39,4.15
3.67,3.06,3.37,4.12
3.65,3.13,3.31,4.16
3.72,3.24,3.29,4.07
3.67,3.27,3.31,3.99
3.75,3.31,3.28,3.96
3.78,3.25,3.24,4.02
3.85,3.23,3.26,3.86
3.8,3.4,3.24,3.82
3.85,3.6,3.22,3.76
3.91,3.53,3.21,3.73
3.87,3.58,3.21,3.69
3.92,3.64,3.21,3.68
3.85,3.64,3.18,3.79
3.89,3.8,3.16,3.73
3.88,3.68,3.12,3.6
3.88,3.56,3.15,3.72
3.86,3.61,3.12,3.59
3.86,3.63,3.12,3.58
3.88,3.62,3.04,3.52
3.9,3.52,3.06,3.57
3.89,3.7,3.09,3.59
3.91,3.41,3.12,3.69
3.89,3.48,3.06,3.83
3.85,3.42,3.09,3.74
3.94,3.48,3.01,3.72
3.89,3.54,3.01,3.75
3.85,3.5,3.03,3.76
3.81,3.48,2.97,3.8
3.77,3.55,2.96,3.77
3.79,3.41,3.01,3.72
3.8,3.32,2.99,3.72
3.75,3.38,3.02,4.35
3.76,3.36,2.98,4.04
3.66,3.39,2.96,3.89
3.72,3.44,2.9,3.83
3.72,3.46,2.86,3.93
3.71,3.43,2.82,3.94
3.69,3.41,2.8,3.93
3.72,3.42,2.76,3.8
3.71,3.36,2.75,3.77
3.64,3.43,2.71,3.81
3.63,3.49,2.71,3.93
3.61,3.46,2.7,3.97
3.57,3.53,2.57,3.97
3.54,3.55,2.57,3.98
3.5,3.63,2.6,3.96
3.36,3.63,2.62,3.99
3.42,3.71,2.56,4.01
3.42,3.72,2.59,3.99
3.41,3.7,2.46,4
3.42,3.72,2.46,4.02
3.38,3.74,2.39,4.08
3.45,3.86,2.39,4.12
3.38,3.79,2.45,4.06
3.38,3.86,2.37,4.06
3.34,3.91,2.43,4.16
3.28,3.92,2.36,4.16
3.29,3.93,2.34,4.22
3.29,3.97,2.34,4.28
3.26,3.88,2.37,4.29
3.26,3.9,2.4,4.29
3.23,3.92,2.43,4.27
3.23,3.97,2.38,4.33
3.15,3.9,2.38,4.36
3.1,3.9,2.5,4.38
3.11,3.82,2.5,4.4
3.07,3.84,2.59,4.43
3.06,3.78,2.62,4.44
3.09,3.73,2.5,4.4
3.1,3.68,2.52,4.38
3.08,3.7,2.53,4.45
3.05,3.65,2.53,4.53
3.04,3.65,2.52,4.51
2.97,3.64,2.56,4.49
3.01,3.67,2.52,4.54
3.01,3.6,2.54,4.54
2.99,3.6,2.56,4.58
2.96,3.56,2.65,4.59
2.96,3.56,2.62,4.59
2.9,3.5,2.69,4.6
2.87,3.5,2.67,4.67
2.85,3.45,2.73,4.64
2.78,3.4,2.76,4.74
2.73,3.35,2.82,4.79
2.74,3.3,2.89,4.89
2.7,3.27,2.89,4.86
2.68,3.2,3.01,4.85
2.6,3.11,3.06,4.95
2.54,3.1,3.1,4.95
2.55,3.09,3.21,4.97
2.43,2.99,3.3,5.02
2.32,2.96,3.29,5.09
2.3,2.91,3.39,5.15
2.28,2.93,3.39,5.21
2.24,2.85,3.43,5.29
2.26,2.79,3.49,5.33
2.19,2.71,3.57,5.42
2.05,2.67,3.68,5.43
2.04,2.7,3.67,5.43
2.06,2.67,3.72,5.49
2.04,2.56,3.75,5.53
1.99,2.53,3.79,5.56
2.01,2.49,3.91,5.55
1.97,2.39,3.93,5.63
1.89,2.43,4.02,5.64
1.94,2.35,4.09,5.69
1.91,2.35,4.16,5.66
1.88,2.27,4.24,5.77
1.88,2.28,4.2,5.83
1.8,2.23,4.3,5.81
1.73,2.15,4.39,5.93
1.67,2.19,4.36,5.96
1.73,2.09,4.42,6.09
1.69,2.11,4.45,6.03
1.67,2.06,4.51,6.12
1.62,2.07,4.51,6.12
1.7,2.08,4.53,6.14
1.68,2.08,4.47,6.24
1.64,2.04,4.5,6.21
1.68,2.07,4.47,6.18
1.65,2.08,4.57,6.2
1.63,2.06,4.56,6.22
1.63,2.09,4.54,6.16
1.6,2.11,4.55,6.15
1.6,2.07,4.56,6.17
1.63,1.99,4.6,6.23
1.66,1.95,4.6,6.21
1.74,1.99,4.68,6.18
1.7,2.07,4.66,6.15
1.82,1.99,5.24,6.08
1.81,1.98,4.73,6.22
1.73,1.92,4.61,6.28
1.71,2.07,4.63,6.4
1.82,2.03,4.55,6.32
2,1.98,4.76,6.18
1.95,2.07,4.83,6.24
1.81,2.05,4.73,6.44
1.9,2.06,4.69,6.45
1.97,2.17,4.63,6.55
2.1,2.1,4.62,6.53
2.02,2.09,4.69,6.53
1.99,2.11,4.71,6.55
1.99,2.15,4.68,6.7
2,2.15,4.69,6.68
2.03,2.11,4.68,6.61
2,2.16,4.66,6.76
1.93,2.22,4.74,6.79
2.41,2.2,4.76,6.72
2.38,2.21,4.7,6.74
2.38,2.14,4.68,6.76
2.32,2.18,4.7,6.73
2.3,2.2,4.72,6.75
2.37,2.17,4.72,6.74
2.43,2.18,4.72,6.71